"slowing","stop_mmse","treat_impl","stop_time","red_haz","red_haz_perc","apply_to_death","limit_by_speed","age_set","sex_set","simulate_aria","aria_discount","aria_discount_delay","aria_duration","aria_all_observed","sim_vol_disc","vol_treat_discont_perc","treat_waning","treatment_scenario","time_to_clear","treat_heterogeneity","model_approach","sim_num"
0,20,"none",99,"no",0,"yes",NA,NA,NA,"no",1,1.5,0.25,"no","no",0,0,"continuous",1.5,"leaky","jm",1
0,20,"none",99,"no",0,"yes",NA,NA,NA,"no",1,1.5,0.25,"no","no",0,0,"continuous",1.5,"leaky","jm",2
0,20,"none",99,"no",0,"yes",NA,NA,NA,"no",1,1.5,0.25,"no","no",0,0,"continuous",1.5,"leaky","jm",3
0,20,"none",99,"no",0,"yes",NA,NA,NA,"no",1,1.5,0.25,"no","no",0,0,"continuous",1.5,"leaky","jm",4
0,20,"none",99,"no",0,"yes",NA,NA,NA,"no",1,1.5,0.25,"no","no",0,0,"continuous",1.5,"leaky","jm",5
0,20,"none",99,"no",0,"yes",NA,NA,NA,"no",1,1.5,0.25,"no","no",0,0,"continuous",1.5,"leaky","jm",6
0,20,"none",99,"no",0,"yes",NA,NA,NA,"no",1,1.5,0.25,"no","no",0,0,"continuous",1.5,"leaky","jm",7
0,20,"none",99,"no",0,"yes",NA,NA,NA,"no",1,1.5,0.25,"no","no",0,0,"continuous",1.5,"leaky","jm",8
0,20,"none",99,"no",0,"yes",NA,NA,NA,"no",1,1.5,0.25,"no","no",0,0,"continuous",1.5,"leaky","jm",9
0,20,"none",99,"no",0,"yes",NA,NA,NA,"no",1,1.5,0.25,"no","no",0,0,"continuous",1.5,"leaky","jm",10
0.3,20,"slow_mmse",99,"no",0,"yes",NA,NA,NA,"no",1,1.5,0.25,"no","no",0,0,"continuous",1.5,"leaky","jm",11
0.3,20,"slow_mmse",99,"no",0,"yes",NA,NA,NA,"no",1,1.5,0.25,"no","no",0,0,"continuous",1.5,"leaky","jm",12
0.3,20,"slow_mmse",99,"no",0,"yes",NA,NA,NA,"no",1,1.5,0.25,"no","no",0,0,"continuous",1.5,"leaky","jm",13
0.3,20,"slow_mmse",99,"no",0,"yes",NA,NA,NA,"no",1,1.5,0.25,"no","no",0,0,"continuous",1.5,"leaky","jm",14
0.3,20,"slow_mmse",99,"no",0,"yes",NA,NA,NA,"no",1,1.5,0.25,"no","no",0,0,"continuous",1.5,"leaky","jm",15
0.3,20,"slow_mmse",99,"no",0,"yes",NA,NA,NA,"no",1,1.5,0.25,"no","no",0,0,"continuous",1.5,"leaky","jm",16
0.3,20,"slow_mmse",99,"no",0,"yes",NA,NA,NA,"no",1,1.5,0.25,"no","no",0,0,"continuous",1.5,"leaky","jm",17
0.3,20,"slow_mmse",99,"no",0,"yes",NA,NA,NA,"no",1,1.5,0.25,"no","no",0,0,"continuous",1.5,"leaky","jm",18
0.3,20,"slow_mmse",99,"no",0,"yes",NA,NA,NA,"no",1,1.5,0.25,"no","no",0,0,"continuous",1.5,"leaky","jm",19
0.3,20,"slow_mmse",99,"no",0,"yes",NA,NA,NA,"no",1,1.5,0.25,"no","no",0,0,"continuous",1.5,"leaky","jm",20
0,20,"none",99,"no",0,"yes",NA,60,NA,"no",1,1.5,0.25,"no","no",0,0,"continuous",1.5,"leaky","jm",21
0,20,"none",99,"no",0,"yes",NA,60,NA,"no",1,1.5,0.25,"no","no",0,0,"continuous",1.5,"leaky","jm",22
0,20,"none",99,"no",0,"yes",NA,60,NA,"no",1,1.5,0.25,"no","no",0,0,"continuous",1.5,"leaky","jm",23
0,20,"none",99,"no",0,"yes",NA,60,NA,"no",1,1.5,0.25,"no","no",0,0,"continuous",1.5,"leaky","jm",24
0,20,"none",99,"no",0,"yes",NA,60,NA,"no",1,1.5,0.25,"no","no",0,0,"continuous",1.5,"leaky","jm",25
0,20,"none",99,"no",0,"yes",NA,60,NA,"no",1,1.5,0.25,"no","no",0,0,"continuous",1.5,"leaky","jm",26
0,20,"none",99,"no",0,"yes",NA,60,NA,"no",1,1.5,0.25,"no","no",0,0,"continuous",1.5,"leaky","jm",27
0,20,"none",99,"no",0,"yes",NA,60,NA,"no",1,1.5,0.25,"no","no",0,0,"continuous",1.5,"leaky","jm",28
0,20,"none",99,"no",0,"yes",NA,60,NA,"no",1,1.5,0.25,"no","no",0,0,"continuous",1.5,"leaky","jm",29
0,20,"none",99,"no",0,"yes",NA,60,NA,"no",1,1.5,0.25,"no","no",0,0,"continuous",1.5,"leaky","jm",30
0.3,20,"slow_mmse",99,"no",0,"yes",NA,60,NA,"no",1,1.5,0.25,"no","no",0,0,"continuous",1.5,"leaky","jm",31
0.3,20,"slow_mmse",99,"no",0,"yes",NA,60,NA,"no",1,1.5,0.25,"no","no",0,0,"continuous",1.5,"leaky","jm",32
0.3,20,"slow_mmse",99,"no",0,"yes",NA,60,NA,"no",1,1.5,0.25,"no","no",0,0,"continuous",1.5,"leaky","jm",33
0.3,20,"slow_mmse",99,"no",0,"yes",NA,60,NA,"no",1,1.5,0.25,"no","no",0,0,"continuous",1.5,"leaky","jm",34
0.3,20,"slow_mmse",99,"no",0,"yes",NA,60,NA,"no",1,1.5,0.25,"no","no",0,0,"continuous",1.5,"leaky","jm",35
0.3,20,"slow_mmse",99,"no",0,"yes",NA,60,NA,"no",1,1.5,0.25,"no","no",0,0,"continuous",1.5,"leaky","jm",36
0.3,20,"slow_mmse",99,"no",0,"yes",NA,60,NA,"no",1,1.5,0.25,"no","no",0,0,"continuous",1.5,"leaky","jm",37
0.3,20,"slow_mmse",99,"no",0,"yes",NA,60,NA,"no",1,1.5,0.25,"no","no",0,0,"continuous",1.5,"leaky","jm",38
0.3,20,"slow_mmse",99,"no",0,"yes",NA,60,NA,"no",1,1.5,0.25,"no","no",0,0,"continuous",1.5,"leaky","jm",39
0.3,20,"slow_mmse",99,"no",0,"yes",NA,60,NA,"no",1,1.5,0.25,"no","no",0,0,"continuous",1.5,"leaky","jm",40
0,20,"none",99,"no",0,"yes",NA,70,NA,"no",1,1.5,0.25,"no","no",0,0,"continuous",1.5,"leaky","jm",41
0,20,"none",99,"no",0,"yes",NA,70,NA,"no",1,1.5,0.25,"no","no",0,0,"continuous",1.5,"leaky","jm",42
0,20,"none",99,"no",0,"yes",NA,70,NA,"no",1,1.5,0.25,"no","no",0,0,"continuous",1.5,"leaky","jm",43
0,20,"none",99,"no",0,"yes",NA,70,NA,"no",1,1.5,0.25,"no","no",0,0,"continuous",1.5,"leaky","jm",44
0,20,"none",99,"no",0,"yes",NA,70,NA,"no",1,1.5,0.25,"no","no",0,0,"continuous",1.5,"leaky","jm",45
0,20,"none",99,"no",0,"yes",NA,70,NA,"no",1,1.5,0.25,"no","no",0,0,"continuous",1.5,"leaky","jm",46
0,20,"none",99,"no",0,"yes",NA,70,NA,"no",1,1.5,0.25,"no","no",0,0,"continuous",1.5,"leaky","jm",47
0,20,"none",99,"no",0,"yes",NA,70,NA,"no",1,1.5,0.25,"no","no",0,0,"continuous",1.5,"leaky","jm",48
0,20,"none",99,"no",0,"yes",NA,70,NA,"no",1,1.5,0.25,"no","no",0,0,"continuous",1.5,"leaky","jm",49
0,20,"none",99,"no",0,"yes",NA,70,NA,"no",1,1.5,0.25,"no","no",0,0,"continuous",1.5,"leaky","jm",50
0.3,20,"slow_mmse",99,"no",0,"yes",NA,70,NA,"no",1,1.5,0.25,"no","no",0,0,"continuous",1.5,"leaky","jm",51
0.3,20,"slow_mmse",99,"no",0,"yes",NA,70,NA,"no",1,1.5,0.25,"no","no",0,0,"continuous",1.5,"leaky","jm",52
0.3,20,"slow_mmse",99,"no",0,"yes",NA,70,NA,"no",1,1.5,0.25,"no","no",0,0,"continuous",1.5,"leaky","jm",53
0.3,20,"slow_mmse",99,"no",0,"yes",NA,70,NA,"no",1,1.5,0.25,"no","no",0,0,"continuous",1.5,"leaky","jm",54
0.3,20,"slow_mmse",99,"no",0,"yes",NA,70,NA,"no",1,1.5,0.25,"no","no",0,0,"continuous",1.5,"leaky","jm",55
0.3,20,"slow_mmse",99,"no",0,"yes",NA,70,NA,"no",1,1.5,0.25,"no","no",0,0,"continuous",1.5,"leaky","jm",56
0.3,20,"slow_mmse",99,"no",0,"yes",NA,70,NA,"no",1,1.5,0.25,"no","no",0,0,"continuous",1.5,"leaky","jm",57
0.3,20,"slow_mmse",99,"no",0,"yes",NA,70,NA,"no",1,1.5,0.25,"no","no",0,0,"continuous",1.5,"leaky","jm",58
0.3,20,"slow_mmse",99,"no",0,"yes",NA,70,NA,"no",1,1.5,0.25,"no","no",0,0,"continuous",1.5,"leaky","jm",59
0.3,20,"slow_mmse",99,"no",0,"yes",NA,70,NA,"no",1,1.5,0.25,"no","no",0,0,"continuous",1.5,"leaky","jm",60
0,20,"none",99,"no",0,"yes",NA,80,NA,"no",1,1.5,0.25,"no","no",0,0,"continuous",1.5,"leaky","jm",61
0,20,"none",99,"no",0,"yes",NA,80,NA,"no",1,1.5,0.25,"no","no",0,0,"continuous",1.5,"leaky","jm",62
0,20,"none",99,"no",0,"yes",NA,80,NA,"no",1,1.5,0.25,"no","no",0,0,"continuous",1.5,"leaky","jm",63
0,20,"none",99,"no",0,"yes",NA,80,NA,"no",1,1.5,0.25,"no","no",0,0,"continuous",1.5,"leaky","jm",64
0,20,"none",99,"no",0,"yes",NA,80,NA,"no",1,1.5,0.25,"no","no",0,0,"continuous",1.5,"leaky","jm",65
0,20,"none",99,"no",0,"yes",NA,80,NA,"no",1,1.5,0.25,"no","no",0,0,"continuous",1.5,"leaky","jm",66
0,20,"none",99,"no",0,"yes",NA,80,NA,"no",1,1.5,0.25,"no","no",0,0,"continuous",1.5,"leaky","jm",67
0,20,"none",99,"no",0,"yes",NA,80,NA,"no",1,1.5,0.25,"no","no",0,0,"continuous",1.5,"leaky","jm",68
0,20,"none",99,"no",0,"yes",NA,80,NA,"no",1,1.5,0.25,"no","no",0,0,"continuous",1.5,"leaky","jm",69
0,20,"none",99,"no",0,"yes",NA,80,NA,"no",1,1.5,0.25,"no","no",0,0,"continuous",1.5,"leaky","jm",70
0.3,20,"slow_mmse",99,"no",0,"yes",NA,80,NA,"no",1,1.5,0.25,"no","no",0,0,"continuous",1.5,"leaky","jm",71
0.3,20,"slow_mmse",99,"no",0,"yes",NA,80,NA,"no",1,1.5,0.25,"no","no",0,0,"continuous",1.5,"leaky","jm",72
0.3,20,"slow_mmse",99,"no",0,"yes",NA,80,NA,"no",1,1.5,0.25,"no","no",0,0,"continuous",1.5,"leaky","jm",73
0.3,20,"slow_mmse",99,"no",0,"yes",NA,80,NA,"no",1,1.5,0.25,"no","no",0,0,"continuous",1.5,"leaky","jm",74
0.3,20,"slow_mmse",99,"no",0,"yes",NA,80,NA,"no",1,1.5,0.25,"no","no",0,0,"continuous",1.5,"leaky","jm",75
0.3,20,"slow_mmse",99,"no",0,"yes",NA,80,NA,"no",1,1.5,0.25,"no","no",0,0,"continuous",1.5,"leaky","jm",76
0.3,20,"slow_mmse",99,"no",0,"yes",NA,80,NA,"no",1,1.5,0.25,"no","no",0,0,"continuous",1.5,"leaky","jm",77
0.3,20,"slow_mmse",99,"no",0,"yes",NA,80,NA,"no",1,1.5,0.25,"no","no",0,0,"continuous",1.5,"leaky","jm",78
0.3,20,"slow_mmse",99,"no",0,"yes",NA,80,NA,"no",1,1.5,0.25,"no","no",0,0,"continuous",1.5,"leaky","jm",79
0.3,20,"slow_mmse",99,"no",0,"yes",NA,80,NA,"no",1,1.5,0.25,"no","no",0,0,"continuous",1.5,"leaky","jm",80
0,20,"none",99,"no",0,"yes",NA,NA,"m","no",1,1.5,0.25,"no","no",0,0,"continuous",1.5,"leaky","jm",81
0,20,"none",99,"no",0,"yes",NA,NA,"m","no",1,1.5,0.25,"no","no",0,0,"continuous",1.5,"leaky","jm",82
0,20,"none",99,"no",0,"yes",NA,NA,"m","no",1,1.5,0.25,"no","no",0,0,"continuous",1.5,"leaky","jm",83
0,20,"none",99,"no",0,"yes",NA,NA,"m","no",1,1.5,0.25,"no","no",0,0,"continuous",1.5,"leaky","jm",84
0,20,"none",99,"no",0,"yes",NA,NA,"m","no",1,1.5,0.25,"no","no",0,0,"continuous",1.5,"leaky","jm",85
0,20,"none",99,"no",0,"yes",NA,NA,"m","no",1,1.5,0.25,"no","no",0,0,"continuous",1.5,"leaky","jm",86
0,20,"none",99,"no",0,"yes",NA,NA,"m","no",1,1.5,0.25,"no","no",0,0,"continuous",1.5,"leaky","jm",87
0,20,"none",99,"no",0,"yes",NA,NA,"m","no",1,1.5,0.25,"no","no",0,0,"continuous",1.5,"leaky","jm",88
0,20,"none",99,"no",0,"yes",NA,NA,"m","no",1,1.5,0.25,"no","no",0,0,"continuous",1.5,"leaky","jm",89
0,20,"none",99,"no",0,"yes",NA,NA,"m","no",1,1.5,0.25,"no","no",0,0,"continuous",1.5,"leaky","jm",90
0.3,20,"slow_mmse",99,"no",0,"yes",NA,NA,"m","no",1,1.5,0.25,"no","no",0,0,"continuous",1.5,"leaky","jm",91
0.3,20,"slow_mmse",99,"no",0,"yes",NA,NA,"m","no",1,1.5,0.25,"no","no",0,0,"continuous",1.5,"leaky","jm",92
0.3,20,"slow_mmse",99,"no",0,"yes",NA,NA,"m","no",1,1.5,0.25,"no","no",0,0,"continuous",1.5,"leaky","jm",93
0.3,20,"slow_mmse",99,"no",0,"yes",NA,NA,"m","no",1,1.5,0.25,"no","no",0,0,"continuous",1.5,"leaky","jm",94
0.3,20,"slow_mmse",99,"no",0,"yes",NA,NA,"m","no",1,1.5,0.25,"no","no",0,0,"continuous",1.5,"leaky","jm",95
0.3,20,"slow_mmse",99,"no",0,"yes",NA,NA,"m","no",1,1.5,0.25,"no","no",0,0,"continuous",1.5,"leaky","jm",96
0.3,20,"slow_mmse",99,"no",0,"yes",NA,NA,"m","no",1,1.5,0.25,"no","no",0,0,"continuous",1.5,"leaky","jm",97
0.3,20,"slow_mmse",99,"no",0,"yes",NA,NA,"m","no",1,1.5,0.25,"no","no",0,0,"continuous",1.5,"leaky","jm",98
0.3,20,"slow_mmse",99,"no",0,"yes",NA,NA,"m","no",1,1.5,0.25,"no","no",0,0,"continuous",1.5,"leaky","jm",99
0.3,20,"slow_mmse",99,"no",0,"yes",NA,NA,"m","no",1,1.5,0.25,"no","no",0,0,"continuous",1.5,"leaky","jm",100
0,20,"none",99,"no",0,"yes",NA,NA,"f","no",1,1.5,0.25,"no","no",0,0,"continuous",1.5,"leaky","jm",101
0,20,"none",99,"no",0,"yes",NA,NA,"f","no",1,1.5,0.25,"no","no",0,0,"continuous",1.5,"leaky","jm",102
0,20,"none",99,"no",0,"yes",NA,NA,"f","no",1,1.5,0.25,"no","no",0,0,"continuous",1.5,"leaky","jm",103
0,20,"none",99,"no",0,"yes",NA,NA,"f","no",1,1.5,0.25,"no","no",0,0,"continuous",1.5,"leaky","jm",104
0,20,"none",99,"no",0,"yes",NA,NA,"f","no",1,1.5,0.25,"no","no",0,0,"continuous",1.5,"leaky","jm",105
0,20,"none",99,"no",0,"yes",NA,NA,"f","no",1,1.5,0.25,"no","no",0,0,"continuous",1.5,"leaky","jm",106
0,20,"none",99,"no",0,"yes",NA,NA,"f","no",1,1.5,0.25,"no","no",0,0,"continuous",1.5,"leaky","jm",107
0,20,"none",99,"no",0,"yes",NA,NA,"f","no",1,1.5,0.25,"no","no",0,0,"continuous",1.5,"leaky","jm",108
0,20,"none",99,"no",0,"yes",NA,NA,"f","no",1,1.5,0.25,"no","no",0,0,"continuous",1.5,"leaky","jm",109
0,20,"none",99,"no",0,"yes",NA,NA,"f","no",1,1.5,0.25,"no","no",0,0,"continuous",1.5,"leaky","jm",110
0.3,20,"slow_mmse",99,"no",0,"yes",NA,NA,"f","no",1,1.5,0.25,"no","no",0,0,"continuous",1.5,"leaky","jm",111
0.3,20,"slow_mmse",99,"no",0,"yes",NA,NA,"f","no",1,1.5,0.25,"no","no",0,0,"continuous",1.5,"leaky","jm",112
0.3,20,"slow_mmse",99,"no",0,"yes",NA,NA,"f","no",1,1.5,0.25,"no","no",0,0,"continuous",1.5,"leaky","jm",113
0.3,20,"slow_mmse",99,"no",0,"yes",NA,NA,"f","no",1,1.5,0.25,"no","no",0,0,"continuous",1.5,"leaky","jm",114
0.3,20,"slow_mmse",99,"no",0,"yes",NA,NA,"f","no",1,1.5,0.25,"no","no",0,0,"continuous",1.5,"leaky","jm",115
0.3,20,"slow_mmse",99,"no",0,"yes",NA,NA,"f","no",1,1.5,0.25,"no","no",0,0,"continuous",1.5,"leaky","jm",116
0.3,20,"slow_mmse",99,"no",0,"yes",NA,NA,"f","no",1,1.5,0.25,"no","no",0,0,"continuous",1.5,"leaky","jm",117
0.3,20,"slow_mmse",99,"no",0,"yes",NA,NA,"f","no",1,1.5,0.25,"no","no",0,0,"continuous",1.5,"leaky","jm",118
0.3,20,"slow_mmse",99,"no",0,"yes",NA,NA,"f","no",1,1.5,0.25,"no","no",0,0,"continuous",1.5,"leaky","jm",119
0.3,20,"slow_mmse",99,"no",0,"yes",NA,NA,"f","no",1,1.5,0.25,"no","no",0,0,"continuous",1.5,"leaky","jm",120
