"slowing","stop_mmse","treat_impl","stop_time","red_haz","red_haz_perc","apply_to_death","limit_by_speed","age_set","sex_set","simulate_aria","aria_discount","aria_discount_delay","aria_duration","aria_all_observed","sim_vol_disc","vol_treat_discont_perc","treat_waning","treatment_scenario","time_to_clear","treat_heterogeneity","model_approach","sim_num","years","community_mci","community_mild","community_moderate","community_severe","institutionalization","death"
0,20,"none",99,"no",0,"yes",NA,NA,"f","no",1,1.5,0.25,"no","no",0,0,"continuous",1.5,"leaky","jm",106,0,911,89,0,0,0,0
0,20,"none",99,"no",0,"yes",NA,NA,"f","no",1,1.5,0.25,"no","no",0,0,"continuous",1.5,"leaky","jm",106,1,716,267,8,0,1,8
0,20,"none",99,"no",0,"yes",NA,NA,"f","no",1,1.5,0.25,"no","no",0,0,"continuous",1.5,"leaky","jm",106,2,530,368,74,0,6,22
0,20,"none",99,"no",0,"yes",NA,NA,"f","no",1,1.5,0.25,"no","no",0,0,"continuous",1.5,"leaky","jm",106,3,347,405,175,4,29,40
0,20,"none",99,"no",0,"yes",NA,NA,"f","no",1,1.5,0.25,"no","no",0,0,"continuous",1.5,"leaky","jm",106,4,210,379,263,30,52,66
0,20,"none",99,"no",0,"yes",NA,NA,"f","no",1,1.5,0.25,"no","no",0,0,"continuous",1.5,"leaky","jm",106,5,125,292,303,81,83,116
0,20,"none",99,"no",0,"yes",NA,NA,"f","no",1,1.5,0.25,"no","no",0,0,"continuous",1.5,"leaky","jm",106,6,79,209,273,134,127,178
0,20,"none",99,"no",0,"yes",NA,NA,"f","no",1,1.5,0.25,"no","no",0,0,"continuous",1.5,"leaky","jm",106,7,46,156,230,142,165,261
0,20,"none",99,"no",0,"yes",NA,NA,"f","no",1,1.5,0.25,"no","no",0,0,"continuous",1.5,"leaky","jm",106,8,26,110,167,173,172,352
0,20,"none",99,"no",0,"yes",NA,NA,"f","no",1,1.5,0.25,"no","no",0,0,"continuous",1.5,"leaky","jm",106,9,14,69,139,162,158,458
0,20,"none",99,"no",0,"yes",NA,NA,"f","no",1,1.5,0.25,"no","no",0,0,"continuous",1.5,"leaky","jm",106,10,6,48,103,157,143,543
0,20,"none",99,"no",0,"yes",NA,NA,"f","no",1,1.5,0.25,"no","no",0,0,"continuous",1.5,"leaky","jm",106,11,4,32,66,141,121,636
0,20,"none",99,"no",0,"yes",NA,NA,"f","no",1,1.5,0.25,"no","no",0,0,"continuous",1.5,"leaky","jm",106,12,2,17,41,132,108,700
0,20,"none",99,"no",0,"yes",NA,NA,"f","no",1,1.5,0.25,"no","no",0,0,"continuous",1.5,"leaky","jm",106,13,0,14,27,106,90,763
0,20,"none",99,"no",0,"yes",NA,NA,"f","no",1,1.5,0.25,"no","no",0,0,"continuous",1.5,"leaky","jm",106,14,0,10,10,82,89,809
0,20,"none",99,"no",0,"yes",NA,NA,"f","no",1,1.5,0.25,"no","no",0,0,"continuous",1.5,"leaky","jm",106,15,0,4,8,64,67,857
0,20,"none",99,"no",0,"yes",NA,NA,"f","no",1,1.5,0.25,"no","no",0,0,"continuous",1.5,"leaky","jm",106,16,0,3,9,45,48,895
0,20,"none",99,"no",0,"yes",NA,NA,"f","no",1,1.5,0.25,"no","no",0,0,"continuous",1.5,"leaky","jm",106,17,0,0,6,36,35,923
0,20,"none",99,"no",0,"yes",NA,NA,"f","no",1,1.5,0.25,"no","no",0,0,"continuous",1.5,"leaky","jm",106,18,0,0,3,30,24,943
0,20,"none",99,"no",0,"yes",NA,NA,"f","no",1,1.5,0.25,"no","no",0,0,"continuous",1.5,"leaky","jm",106,19,0,0,1,23,15,961
0,20,"none",99,"no",0,"yes",NA,NA,"f","no",1,1.5,0.25,"no","no",0,0,"continuous",1.5,"leaky","jm",106,20,0,0,0,21,11,968
0,20,"none",99,"no",0,"yes",NA,NA,"f","no",1,1.5,0.25,"no","no",0,0,"continuous",1.5,"leaky","jm",106,21,0,0,0,15,12,973
0,20,"none",99,"no",0,"yes",NA,NA,"f","no",1,1.5,0.25,"no","no",0,0,"continuous",1.5,"leaky","jm",106,22,0,0,0,13,9,978
0,20,"none",99,"no",0,"yes",NA,NA,"f","no",1,1.5,0.25,"no","no",0,0,"continuous",1.5,"leaky","jm",106,23,0,0,0,10,5,985
0,20,"none",99,"no",0,"yes",NA,NA,"f","no",1,1.5,0.25,"no","no",0,0,"continuous",1.5,"leaky","jm",106,24,0,0,0,7,5,988
0,20,"none",99,"no",0,"yes",NA,NA,"f","no",1,1.5,0.25,"no","no",0,0,"continuous",1.5,"leaky","jm",106,25,0,0,0,7,1,992
0,20,"none",99,"no",0,"yes",NA,NA,"f","no",1,1.5,0.25,"no","no",0,0,"continuous",1.5,"leaky","jm",106,26,0,0,0,5,3,992
0,20,"none",99,"no",0,"yes",NA,NA,"f","no",1,1.5,0.25,"no","no",0,0,"continuous",1.5,"leaky","jm",106,27,0,0,0,2,1,997
0,20,"none",99,"no",0,"yes",NA,NA,"f","no",1,1.5,0.25,"no","no",0,0,"continuous",1.5,"leaky","jm",106,28,0,0,0,1,2,997
0,20,"none",99,"no",0,"yes",NA,NA,"f","no",1,1.5,0.25,"no","no",0,0,"continuous",1.5,"leaky","jm",106,29,0,0,0,1,1,998
0,20,"none",99,"no",0,"yes",NA,NA,"f","no",1,1.5,0.25,"no","no",0,0,"continuous",1.5,"leaky","jm",106,30,0,0,0,1,0,999
0,20,"none",99,"no",0,"yes",NA,NA,"f","no",1,1.5,0.25,"no","no",0,0,"continuous",1.5,"leaky","jm",106,31,0,0,0,1,0,999
0,20,"none",99,"no",0,"yes",NA,NA,"f","no",1,1.5,0.25,"no","no",0,0,"continuous",1.5,"leaky","jm",106,32,0,0,0,1,0,999
0,20,"none",99,"no",0,"yes",NA,NA,"f","no",1,1.5,0.25,"no","no",0,0,"continuous",1.5,"leaky","jm",106,33,0,0,0,0,0,1000
0,20,"none",99,"no",0,"yes",NA,NA,"f","no",1,1.5,0.25,"no","no",0,0,"continuous",1.5,"leaky","jm",106,34,0,0,0,0,0,1000
0,20,"none",99,"no",0,"yes",NA,NA,"f","no",1,1.5,0.25,"no","no",0,0,"continuous",1.5,"leaky","jm",106,35,0,0,0,0,0,1000
0,20,"none",99,"no",0,"yes",NA,NA,"f","no",1,1.5,0.25,"no","no",0,0,"continuous",1.5,"leaky","jm",106,36,0,0,0,0,0,1000
0,20,"none",99,"no",0,"yes",NA,NA,"f","no",1,1.5,0.25,"no","no",0,0,"continuous",1.5,"leaky","jm",106,37,0,0,0,0,0,1000
0,20,"none",99,"no",0,"yes",NA,NA,"f","no",1,1.5,0.25,"no","no",0,0,"continuous",1.5,"leaky","jm",106,38,0,0,0,0,0,1000
0,20,"none",99,"no",0,"yes",NA,NA,"f","no",1,1.5,0.25,"no","no",0,0,"continuous",1.5,"leaky","jm",106,39,0,0,0,0,0,1000
0,20,"none",99,"no",0,"yes",NA,NA,"f","no",1,1.5,0.25,"no","no",0,0,"continuous",1.5,"leaky","jm",106,40,0,0,0,0,0,1000
0,20,"none",99,"no",0,"yes",NA,NA,"f","no",1,1.5,0.25,"no","no",0,0,"continuous",1.5,"leaky","jm",106,41,0,0,0,0,0,1000
0,20,"none",99,"no",0,"yes",NA,NA,"f","no",1,1.5,0.25,"no","no",0,0,"continuous",1.5,"leaky","jm",106,42,0,0,0,0,0,1000
0,20,"none",99,"no",0,"yes",NA,NA,"f","no",1,1.5,0.25,"no","no",0,0,"continuous",1.5,"leaky","jm",106,43,0,0,0,0,0,1000
0,20,"none",99,"no",0,"yes",NA,NA,"f","no",1,1.5,0.25,"no","no",0,0,"continuous",1.5,"leaky","jm",106,44,0,0,0,0,0,1000
0,20,"none",99,"no",0,"yes",NA,NA,"f","no",1,1.5,0.25,"no","no",0,0,"continuous",1.5,"leaky","jm",106,45,0,0,0,0,0,1000
0,20,"none",99,"no",0,"yes",NA,NA,"f","no",1,1.5,0.25,"no","no",0,0,"continuous",1.5,"leaky","jm",106,46,0,0,0,0,0,1000
0,20,"none",99,"no",0,"yes",NA,NA,"f","no",1,1.5,0.25,"no","no",0,0,"continuous",1.5,"leaky","jm",106,47,0,0,0,0,0,1000
0,20,"none",99,"no",0,"yes",NA,NA,"f","no",1,1.5,0.25,"no","no",0,0,"continuous",1.5,"leaky","jm",106,48,0,0,0,0,0,1000
0,20,"none",99,"no",0,"yes",NA,NA,"f","no",1,1.5,0.25,"no","no",0,0,"continuous",1.5,"leaky","jm",106,49,0,0,0,0,0,1000
0,20,"none",99,"no",0,"yes",NA,NA,"f","no",1,1.5,0.25,"no","no",0,0,"continuous",1.5,"leaky","jm",106,50,0,0,0,0,0,1000
0,20,"none",99,"no",0,"yes",NA,NA,"f","no",1,1.5,0.25,"no","no",0,0,"continuous",1.5,"leaky","jm",106,51,0,0,0,0,0,1000
0,20,"none",99,"no",0,"yes",NA,NA,"f","no",1,1.5,0.25,"no","no",0,0,"continuous",1.5,"leaky","jm",106,52,0,0,0,0,0,1000
0,20,"none",99,"no",0,"yes",NA,NA,"f","no",1,1.5,0.25,"no","no",0,0,"continuous",1.5,"leaky","jm",106,53,0,0,0,0,0,1000
0,20,"none",99,"no",0,"yes",NA,NA,"f","no",1,1.5,0.25,"no","no",0,0,"continuous",1.5,"leaky","jm",106,54,0,0,0,0,0,1000
0,20,"none",99,"no",0,"yes",NA,NA,"f","no",1,1.5,0.25,"no","no",0,0,"continuous",1.5,"leaky","jm",106,55,0,0,0,0,0,1000
0,20,"none",99,"no",0,"yes",NA,NA,"f","no",1,1.5,0.25,"no","no",0,0,"continuous",1.5,"leaky","jm",106,56,0,0,0,0,0,1000
0,20,"none",99,"no",0,"yes",NA,NA,"f","no",1,1.5,0.25,"no","no",0,0,"continuous",1.5,"leaky","jm",106,57,0,0,0,0,0,1000
0,20,"none",99,"no",0,"yes",NA,NA,"f","no",1,1.5,0.25,"no","no",0,0,"continuous",1.5,"leaky","jm",106,58,0,0,0,0,0,1000
0,20,"none",99,"no",0,"yes",NA,NA,"f","no",1,1.5,0.25,"no","no",0,0,"continuous",1.5,"leaky","jm",106,59,0,0,0,0,0,1000
0,20,"none",99,"no",0,"yes",NA,NA,"f","no",1,1.5,0.25,"no","no",0,0,"continuous",1.5,"leaky","jm",106,60,0,0,0,0,0,1000
0,20,"none",99,"no",0,"yes",NA,NA,"f","no",1,1.5,0.25,"no","no",0,0,"continuous",1.5,"leaky","jm",106,61,0,0,0,0,0,1000
0,20,"none",99,"no",0,"yes",NA,NA,"f","no",1,1.5,0.25,"no","no",0,0,"continuous",1.5,"leaky","jm",106,62,0,0,0,0,0,1000
0,20,"none",99,"no",0,"yes",NA,NA,"f","no",1,1.5,0.25,"no","no",0,0,"continuous",1.5,"leaky","jm",106,63,0,0,0,0,0,1000
